series	name	days	from	to	answers	gxd	status	source
sunday-1917	Sunday Cross-Word Puzzle	Sun	1917-02-25		next Sunday (to confirm)	bg (one puzzle, 1917-02-25)	research: did it run continuously to 1923?	Newspapers.com, Alex DeJarnatt 2026-10-05
saturday-1923	Saturday puzzle	Sat	1923-05-26	by 1936 (merged into daily)	next Saturday (to confirm)	none	research: when did it merge into the daily?	Newspapers.com, Alex DeJarnatt 2026-10-05
wednesday-1924	Wednesday puzzle	Wed	1924-02-06	1924-10-01	next Wednesday	none	not started	Newspapers.com, Alex DeJarnatt 2026-10-05
daily-1924	The Globe Cross-Word Puzzle (daily)	Mon–Fri, Mon–Sat by 1936	1924-10-06	after 1970	next day	none	research: when did it end; was it ever syndicated?	Newspapers.com, Alex DeJarnatt 2026-10-05
sunday	Sunday puzzle, later the Globe Magazine puzzle	Sun	1917 or 1923	ongoing	following week	bg, nearly all Sundays 1980–2015	tracked in status.tsv from 1980	gxd; Wayback; Puzzmo; Newspapers.com
sunday-easier	Second puzzle of a double issue ("The Globe Puzzle / Easier")	Sun	2004-12-19	2020-10-18	same issue	bgYYYY-MM-DDa (proposed)	tracked in status.tsv	notes/double-issues.tsv
themeless-week	Themeless Week (Globe originals by independent constructors)	Mon–Sat, quarterly	2024-06-24	ongoing	Puzzmo	none	tracked in status.tsv	Puzzmo team queue
universal	Universal Crossword (syndicated, Andrews McMeel), the weekday puzzle online	Mon–Sat	by 2015	ongoing		gxd universal/ (not bg)	out of scope here: not a Globe original	Wayback; Puzzmo
tv-week-2007	Untitled 15x15 in the TV Week insert	weekly?	by 2007-04-29		unknown	none	research: not yet looked into	Newspapers.com, Alex DeJarnatt 2026-10-05
