date	harder_title	harder_author	harder_1a	easier_title	easier_author	easier_1a	note
2004-12-19	IT'S THE THOUGHT	Cox and Rathvon		DIAMOND HEAVEN	Cox and Rathvon		from !155 work; Diamond Heaven is a diamond-shaped Red Sox puzzle; labels not recorded
2015-02-08	PUNNYTOWN, USA	Henry Hook	Padlocked fastener	AFFAIRS OF STATE	Cox and Rathvon
2015-04-12	DISNEYFICATION	Henry Hook	Yard trio	ANIMATED FILMS	Cox and Rathvon
2015-06-07	FAIR EXCHANGE	Henry Hook	Tiny battery	TWITTERFEED	Cox and Rathvon		Fair Exchange has circled squares
2015-08-30	SPOT-ON	Cox and Rathvon	Auction actions	SCREEN GEM	Cox and Rathvon	Strike-defying finks
2015-10-18	OPERA REVIEW	Cox and Rathvon		WITH STYLE	Brendan Emmett Quigley	Early American style
2016-02-14	LOVERS	Cox and Rathvon		ANAGRAM PAIRS	Cox and Rathvon		both headed "The Globe Puzzle"; Harder/Easier labels not recorded
2016-04-03	FOURSOMES	Cox and Rathvon		WELLNESS CENTER	Brendan Emmett Quigley
2016-06-19	LEISURE ACTIVITY	Cox and Rathvon		POP QUIZ	Cox and Rathvon
2016-10-09	PUZZLE IMPERFECT	Cox and Rathvon		OCTOBER PEOPLE	Cox and Rathvon
2017-04-02	THEMELESS CHALLENGER	Brendan Emmett Quigley	Maytag product	THAT'S EXTRA	Cox and Rathvon
2017-06-18	THEMELESS CHALLENGER	Brendan Emmett Quigley	Most pessimistic	CRIME BUSTERS	Cox and Rathvon
2017-09-10	FIRST SHIFT	Cox and Rathvon		RHYMING GAME	Cox and Rathvon
2018-02-11	THEMELESS CHALLENGER	Brendan Emmett Quigley	Parade fall out?	ALPHABET SOUP	Cox and Rathvon
2018-04-01	THEMELESS CHALLENGER	Brendan Emmett Quigley	Paper format	STANDARD MODELS	Cox and Rathvon
2018-06-17	THEMELESS CHALLENGER	Brendan Emmett Quigley	Fast, sci-fi style	TRINOMIALS	Cox and Rathvon
2018-10-14	THEMELESS CHALLENGER	Brendan Emmett Quigley	Honeyed pastry	GLOBAL CAFE	Cox and Rathvon
2019-02-10	THEMELESS CHALLENGER	Brendan Emmett Quigley		UNGORGEOUS GEORGE	Cox and Rathvon
2019-03-31	THEMELESS CHALLENGER	Brendan Emmett Quigley		POSSESSED	Cox and Rathvon
2019-06-23	THEMELESS CHALLENGER	Brendan Emmett Quigley	Genre for Steely Dan ...	PUT-ON	Cox and Rathvon	Zorro's kiss?	
2019-10-13	THEMELESS CHALLENGER	Brendan Emmett Quigley		BEARING DOWN	Cox and Rathvon
2020-02-09	THEMELESS CHALLENGER	Brendan Emmett Quigley		DINNER FOR EIGHT	Cox and Rathvon
2020-03-29	THEMELESS CHALLENGER	Brendan Emmett Quigley		MAKING REPAIRS	Cox and Rathvon
2020-10-18	THEMELESS CHALLENGER	Brendan Emmett Quigley		MASH-UPS	Cox and Rathvon		
